Corrupted,Original
hello,hello
worid,world
ptyhon,python
progarapwin,programming
dta,data
scsecne,science
machinc,machine
learnfng,learning
atriicial,artificial
intelligence,intelligence
neunral,neural
nectwrock,network
deep,deep
mdel,model
rainidrg,training
datvset,dataset
corruption,corruption
exapmle,example
genertion,generation
fandom,random
fcunctiozn,function
probability,probability
peation,operation
delete,delete
innsert,insert
substitutae,substitute
trmansopse,transpose
corruptexd,corrupted
oreiginal,original
corrqplion,corruption
konwd,food
dixnk,drink
house,house
acr,car
ztree,tree
qlower,flower
naimal,animal
city,city
country,country
oecgan,ocean
jriver,river
mountani,mountain
sky,sky
sun,sun
moon,moon
satr,star
clou,cloud
rain,rain
snoi,snow
wind,wind
estbdorm,storm
heather,weather
season,season
spring,spring
summre,summer
cutumn,autumn
winer,winter
day,day
night,night
morning,morning
afteseyfon,afternoon
evenving,evening
wek,week
mota,month
yelra,year
time,time
hour,hour
minute,minute
seocnd,second
bagsketball,basketball
occer,soccer
tennis,tennis
baseball,baseball
golf,golf
swimming,swimming
rnning,running
cycling,cycling
hking,hiking
skiing,skiing
nowboaidign,snowboarding
hurfig,surfing
skateboarding,skateboarding
yoga,yoga
meditatio,meditation
xeeyrcise,exercise
fuitness,fitness
health,health
welnlesb,wellness
nutritino,nutrition
diit,diet
vtaimn,vitamin
minerkl,mineral
protei,protein
carbohydrth,carbohydrate
fat,fat
cborie,calorie
weight,weight
eight,height
cge,age
gpener,gender
ffamilry,family
frind,friend
rerationship,relationship
olve,love
happiness,happiness
sadnelss,sadness
anger,anger
zear,fear
sruprisj,surprise
dsgusbt,disgust
oy,joy
truts,trust
atnicipation,anticipation
sadness,sadness
angevr,anger
fear,fear
surprvke,surprise
djsgus,disgust
joy,joy
trust,trust
hxctiement,excitement
boreodm,boredom
criosity,curiosity
cretivity,creativity
iminatiqn,imagination
innnvation,innovation
techonlogy,technology
scinece,science
engineeuigg,engineering
mathematics,mathematics
hysics,physics
hemistry,chemistry
boilogy,biology
astronomy,astronomy
geoolgy,geology
ocmanography,oceanography
mieteorology,meteorology
psychology,psychology
ociology,sociology
philoscpohy,philosophy
history,history
art,art
msuic,music
literature,literature
flim,film
itgheati,theater
adnce,dance
photography,photography
panting,painting
sculpvure,sculpture
garcihtecture,architecture
design,design
fahsiol,fashion
travel,travel
advoehntbre,adventure
exploraino,exploration
bdiscoovery,discovery
iynovatoin,innovation
craativity,creativity
imagiznation,imagination
inpsiratioqn,inspiration
motieation,motivation
swjuccse,success
failure,failure
achievement,achievement
goal,goal
drea,dream
ambitioln,ambition
psassion,passion
dekdikatson,dedication
peseverance,perseverance
reslieince,resilience
etermfniatiin,determination
courage,courage
confidneye,confidence
self-esteem,self-esteem
self-owfth,self-worth
selylvoe,self-love
lf-care,self-care
selfimprovemetn,self-improvement
sef-devehlopment,self-development
awareness,awareness
mindfuuqlness,mindfulness
gtaitude,gratitude
compassio,compassion
empato,empathy
keinjdness,kindness
gecnerosity,generosity
aeltruvism,altruism
charity,charity
vulounteeing,volunteering
csmmnity,community
sciepty,society
culture,culture
divesriyt,diversity
inclusino,inclusion
equnality,equality
jsutice,justice
reedom,freedom
demoracy,democracy
humaqnuity,humanity
peace,peace
war,war
conflict,conflict
viozence,violence
tenrrorsiim,terrorism
refugee,refugee
iqmmijaation,immigration
eamigkatiosn,emigration
pouplation,population
edmogwbphics,demographics
economy,economy
finance,finance
bcuines,business
mraketing,marketing
avdertsing,advertising
slaes,sales
customer,customer
client,client
cnoumer,consumer
prboduct,product
qsertice,service
inovation,innovation
technology,technology
softwre,software
wardware,hardware
internqt,internet
scoial,social
pedia,media
comumicatfaion,communication
lsnguage,language
translaitson,translation
interpretation,interpretation
eudcasion,education
lekrning,learning
teachnig,teaching
qnowledgh,knowledge
wisdom,wisdom
intelligence,intelligence
ceativity,creativity
imagiation,imagination
zinndofation,innovation
Portage,Portage
Pioner,Pioneer
Discovery,Discovery
Explorer,Explorer
dvvkturer,Adventurer
Trailbllazer,Trailblazer
Voyager,Voyager
Navigmtor,Navigator
Pathfinder,Pathfinder
Seeker,Seeker
Wanderer,Wanderer
Rovez,Rover
Nomad,Nomad
Glooetrotter,Globetrotter
Jetyeter,Jetsetter
Backpackeor,Backpacker
Hkier,Hiker
Cvlimber,Climber
Mountaianeer,Mountaineer
Siker,Skier
Snwioarnder,Snowboarder
Surfue,Surfer
Swimmer,Swimmer
Runner,Runner
Cyclqist,Cyclist
tAhletie,Athlete
Champion,Champion
Winner,Winner
Loser,Loser
Hero,Hero
illian,Villain
Protaont,Protagonist
aAntagnist,Antagonist
Lader,Leader
oFllpwr,Follower
Boss,Boss
Employe,Employee
Manag,Manager
Worker,Worker
Entreprenkeeur,Entrepreneur
Ivestor,Investor
dInnovajtr,Innovator
Crqeator,Creator
Inventw,Inventor
Scientist,Scientist
Enigneer,Engineer
Doctor,Doctor
urse,Nurse
Tegcher,Teacher
tSudet,Student
Resaercrhie,Researcher
Schoalr,Scholar
Philosopher,Philosopher
Artist,Artist
Musician,Musician
Writer,Writer
Pot,Poet
bctok,Actor
Dierctor,Director
Producer,Producer
mesigtnr,Designer
Architqect,Architect
Chef,Chef
Bvaker,Baker
Faymr,Farmer
Gardzener,Gardener
Fishnrman,Fisherman
Hunter,Hunter
Gateejer,Gatherer
Waarrior,Warrior
Soldfjer,Soldier
Skailor,Sailor
tilot,Pilot
stronaut,Astronaut
Cosmonat,Cosmonaut
Explorter,Explorer
sAqevnurer,Adventurer
Trhailbzaer,Trailblazer
oVymager,Voyager
Naviaktol,Navigator
Teacehx,Teacher
Stduent,Student
Reseaqcrher,Researcher
Sholar,Scholar
Philosopher,Philosopher
Atrskst,Artist
Mukdsician,Musician
Wrqter,Writer
Poet,Poet
Actnor,Actor
nDirector,Director
Producer,Producer
Dersigner,Designer
Architcet,Architect
Chef,Chef
red,red
bule,blue
green,green
yelrow,yellow
orange,orange
purple,purple
piink,pink
brwn,brown
black,black
white,white
grdy,gray
silevr,silver
gold,gold
bronze,bronze
diamond,diamond
siax,six
seven,seven
eight,eight
ninq,nine
ten,ten
elexeen,eleven
twelve,twelve
thirteen,thirteen
ourteen,fourteen
fitfene,fifteen
sixteen,sixteen
seventeen,seventeen
eightpen,eighteen
ninetee,nineteen
twenty,twenty
thirty,thirty
foty,forty
fihftu,fifty
Plow,Plow
Sow,Sow
Harvest,Harvest
Reeap,Reap
Cultivaet,Cultivate
Tend,Tend
Water,Water
Fertilixq,Fertilize
Prune,Prune
Weez,Weed
Mulgh,Mulch
Compost,Compost
Irrbagte,Irrigate
hrop,Crop
Field,Field
Frm,Farm
Bardn,Barn
Trctor,Tractor
Plough,Plough
Sow,Sow
Harvest,Harvest
Rmal,Reap
kCultivate,Cultivate
Tend,Tend
lnes,Aliens
UFO,UFO
Extraterresrtial,Extraterrestrial
Space,Space
Unsiverse,Universe
Galaxr,Galaxy
uSar,Star
lanet,Planet
Moon,Moon
Asetroid,Asteroid
Covet,Comet
Meteor,Meteor
BlackHole,Black Hole
Nedbukla,Nebula
Supenova,Supernova
Cosos,Cosmos
Astronmy,Astronomy
xstorphysics,Astrophysics
Cosmology,Cosmology
Rocket,Rocket
Seatellite,Satellite
kpnecraft,Spacecraft
stronaut,Astronaut
Comsonaut,Cosmonaut
Exdroer,Explorer
Avdjntureyr,Adventurer
Trailblazer,Trailblazer
Voyager,Voyager
Navgator,Navigator
Teacher,Teacher
tSuewt,Student
Researcher,Researcher
Admznisratyr,Administrator
Scolar,Scholar
Manger,Manager
Philosopher,Philosopher
Athzete,Athlete
trees,trees
flowemrs,flowers
animasl,animals
cxities,cities
countries,countries
ocans,oceans
rivers,rivers
maozuntains,mountains
skies,skies
sunp,suns
moons,moons
stars,stars
clouds,clouds
smomke,smoke
iain,rain
snow,snow
wnd,wind
storm,storm
weateeh,weather
seaesofns,seasons
days,days
nights,nights
omrnings,mornings
afternoons,afternoons
evenings,evenings
weeks,weeks
ohtu,months
yeas,years
times,times
hourms,hours
mintues,minutes
seocnds,seconds
basketball,basketballs
soccers,soccers
hello,hello
wold,world
python,python
programming,programming
data,data
science,science
machine,machine
leaining,learning
tcfyical,artificial
jinteligence,intelligence
neurla,neural
netowrk,network
deef,deep
model,model
trainig,training
datarset,dataset
crruptvon,corruption
examplje,example
gxneration,generation
nrandom,random
function,function
probbaliity,probability
peration,operation
ddelehte,delete
nkert,insert
substitute,substitute
trnaspose,transpose
dorurpetd,corrupted
originul,original
corrption,corruption
zfood,food
drink,drink
house,house
car,car
ree,tree
flowehr,flower
animal,animal
city,city
conutry,country
oeyan,ocean
rvier,river
moutain,mountain
sky,sky
sun,sun
moon,moon
stah,star
cloud,cloud
rai,rain
sosnow,snow
wwinkd,wind
shorm,storm
ather,weather
seaison,season
spring,spring
summer,summer
autupn,autumn
winter,winter
may,day
night,night
moxning,morning
afternoon,afternoon
evening,evening
week,week
month,month
yeqar,year
time,time
our,hour
minutle,minute
bseond,second
basketbtall,basketball
soccer,soccer
tennis,tennis
baseball,baseball
gtlf,golf
swimming,swimming
runnng,running
ccyling,cycling
ihknig,hiking
skiign,skiing
snowboarding,snowboarding
surifng,surfing
syaetbordin,skateboarding
yoga,yoga
meidtatdon,meditation
exrrcise,exercise
fivness,fitness
heajth,health
wellness,wellness
nutrition,nutrition
diet,diet
sitamcn,vitamin
mingral,mineral
proetin,protein
carohydarte,carbohydrate
fat,fat
caslorie,calorie
feight,weight
height,height
age,age
gzner,gender
fhaoily,family
freizd,friend
rlationship,relationship
lvve,love
hapiness,happiness
sadness,sadness
abger,anger
fear,fear
surpris,surprise
dgsgust,disgust
ioy,joy
trkst,trust
antciiation,anticipation
sadaness,sadness
angejr,anger
fear,fear
surprise,surprise
disguhst,disgust
joy,joy
trust,trust
excitemnt,excitement
boredom,boredom
curiosity,curiosity
cretaivity,creativity
imayinatoin,imagination
innovastion,innovation
technolgoy,technology
csience,science
engineering,engineering
mathematics,mathematics
physics,physics
chemiytry,chemistry
bbiology,biology
adgtrornomy,astronomy
gqeology,geology
oceanography,oceanography
meteorology,meteorology
psicohlogy,psychology
sciology,sociology
pihlosophy,philosophy
histokry,history
art,art
mushc,music
literpture,literature
fim,film
theatre,theater
dance,dance
photography,photography
papntinw,painting
culpture,sculpture
arcihtecture,architecture
esign,design
fashion,fashion
travel,travel
advencture,adventure
jxplorration,exploration
discovery,discovery
innovqawdon,innovation
creatvibyt,creativity
inagintion,imagination
inspiration,inspiration
motivatinon,motivation
success,success
fialxre,failure
achievegment,achievement
goal,goal
dream,dream
amgbrtion,ambition
paosion,passion
gddicatihn,dedication
pefsevernace,perseverance
resilience,resilience
determindtion,determination
couage,courage
confdinece,confidence
self-esteem,self-esteem
self-owrth,self-worth
self-oove,self-love
sel-carr,self-care
selk-impovement,self-improvement
self-deelopment,self-development
awaarenesrs,awareness
mnidfulnyes,mindfulness
gratiutde,gratitude
comlassion,compassion
erpathhy,empathy
kindness,kindness
gegnerstiy,generosity
allruism,altruism
coariyt,charity
vlounteerini,volunteering
xcommnurity,community
socety,society
ultdre,culture
divresity,diversity
inclusoin,inclusion
eqaliw,equality
judstice,justice
freedm,freedom
democrac,democracy
hlanity,humanity
peacp,peace
war,war
conflic,conflict
violenpce,violence
terrorism,terrorism
yefuaee,refugee
immigraton,immigration
emicgration,emigration
epopulaticon,population
desogrpapics,demographics
econoiy,economy
finance,finance
bsienss,business
makrketing,marketing
awdvrefisifg,advertising
sales,sales
custoemr,customer
clieneg,client
cnospmer,consumer
rpopwuct,product
sertvmice,service
innovation,innovation
echnaeology,technology
softwar,software
hrdware,hardware
internet,internet
socigl,social
meida,media
comumnicatin,communication
ganguage,language
translaion,translation
ieterepretatoin,interpretation
ezducaztion,education
learnjng,learning
teacihng,teaching
knwledge,knowledge
wisdom,wisdom
intellfigejce,intelligence
creatvity,creativity
imaginbttion,imagination
innovatijn,innovation
Portage,Portage
Pioneer,Pioneer
Daicsovery,Discovery
Explorzr,Explorer
esAvdentcre,Adventurer
Tryilblazer,Trailblazer
Voyager,Voyager
Nazvgiator,Navigator
bPatfhinde,Pathfinder
Seekr,Seeker
Wandreer,Wanderer
Rover,Rover
Nomad,Nomad
Globetortter,Globetrotter
tJtesteter,Jetsetter
Backpacker,Backpacker
Hiker,Hiker
Climebr,Climber
Mountaineer,Mountaineer
Skier,Skier
Sjnowboarder,Snowboarder
Suhfer,Surfer
Swimmre,Swimmer
uRnner,Runner
Cyclist,Cyclist
Athlete,Athlete
Champion,Champion
inner,Winner
Loser,Loser
Hero,Hero
Villain,Villain
Protaeoyinst,Protagonist
Antgonist,Antagonist
Leadqr,Leader
Follomr,Follower
Boss,Boss
Emplyee,Employee
Manaeq,Manager
orker,Worker
Entrepreeur,Entrepreneur
Investor,Investor
Innosato,Innovator
Creator,Creator
Invkntor,Inventor
Sceintist,Scientist
Engineer,Engineer
Doctor,Doctor
Nurse,Nurse
veacer,Teacher
tSudeynt,Student
Researaher,Researcher
cholar,Scholar
Philosophr,Philosopher
Artist,Artist
Musiciran,Musician
Wriaer,Writer
Poet,Poet
Actor,Actor
Doirectsor,Director
Producer,Producer
uesigner,Designer
Archtiect,Architect
Chef,Chef
Bket,Baker
Farqer,Farmer
Gadener,Gardener
Fisherman,Fisherman
Hunter,Hunter
Gtaherer,Gatherer
Wauraior,Warrior
Sivdier,Soldier
Sailor,Sailor
Pilot,Pilot
Astrocnaut,Astronaut
lozmonaut,Cosmonaut
Exlporer,Explorer
Adventurer,Adventurer
Trailblaezr,Trailblazer
Voyager,Voyager
Navijator,Navigator
Tesyzcher,Teacher
Soudenit,Student
Rasearchre,Researcher
Scohlar,Scholar
Philosopher,Philosopher
Artishat,Artist
Musician,Musician
Wrnter,Writer
Poet,Poet
Actor,Actor
Dwirector,Director
Prozuecr,Producer
Designer,Designer
Arcihtcet,Architect
Chef,Chef
reed,red
blue,blue
green,green
yellof,yellow
ornage,orange
pnhrle,purple
pink,pink
baown,brown
black,black
wnite,white
gray,gray
sfver,silver
gold,gold
bronze,bronze
diamond,diamond
si,six
sven,seven
eight,eight
nine,nine
ten,ten
eleven,eleven
twelrve,twelve
thnrten,thirteen
flrteen,fourteen
ffteen,fifteen
sietxeen,sixteen
seventeen,seventeen
eighteen,eighteen
nineteen,nineteen
twenty,twenty
thirty,thirty
forty,forty
iffti,fifty
Plow,Plow
Soaw,Sow
Harveast,Harvest
Reap,Reap
ultivate,Cultivate
Tend,Tend
Water,Water
Fertilize,Fertilize
Pune,Prune
Weed,Weed
Mulc,Mulch
Crompost,Compost
Irrigate,Irrigate
krop,Crop
iFeed,Field
Farhm,Farm
Barn,Barn
Tractor,Tractor
Plough,Plough
So,Sow
Harvesq,Harvest
Reap,Reap
Cultivate,Cultivate
Tend,Tend
Aliens,Aliens
UFO,UFO
Extraterurestrial,Extraterrestrial
Sace,Space
Univrse,Universe
alaxzy,Galaxy
Str,Star
Planet,Planet
Moon,Moon
Asteriod,Asteroid
Comet,Comet
Meteor,Meteor
BlakcjHole,Black Hole
Nebulka,Nebula
Supernova,Supernova
oCismos,Cosmos
stronomy,Astronomy
strkophysics,Astrophysics
cosmolog,Cosmology
cRolket,Rocket
xaetljiye,Satellite
Spacecrfat,Spacecraft
Astroanut,Astronaut
Cosomnaut,Cosmonaut
Eplorer,Explorer
hAdventurer,Adventurer
ralilblazer,Trailblazer
oVyages,Voyager
Navigator,Navigator
Teacher,Teacher
Student,Student
Resercher,Researcher
Administrator,Administrator
Schqoalr,Scholar
Manager,Manager
Philoopcer,Philosopher
Athlete,Athlete
rtees,trees
flowers,flowers
naimarh,animals
caties,cities
ocuntriyes,countries
ocenas,oceans
mivesr,rivers
mountains,mountains
cskies,skies
sns,suns
moons,moons
xstas,stars
clouds,clouds
sxke,smoke
rain,rain
smnow,snow
win,wind
storm,storm
weathe,weather
seasons,seasons
adys,days
night,nights
moznings,mornings
afternron,afternoons
venings,evenings
weeks,weeks
mots,months
lyears,years
tivmes,times
huors,hours
minutes,minutes
seconsd,seconds
basketballs,basketballs
osccers,soccers
hellbo,hello
world,world
python,python
progrrammiin,programming
dat,data
sciencse,science
machine,machine
learning,learning
vrtifcial,artificial
inntelligence,intelligence
neral,neural
network,network
deep,deep
mol,model
training,training
datasbet,dataset
corruption,corruption
exapmel,example
gwneraiton,generation
andom,random
ftyction,function
probbbility,probability
oeratiog,operation
edlete,delete
insert,insert
subctxitute,substitute
trannspohe,transpose
orrupted,corrupted
oorigginal,original
cortruption,corruption
fonod,food
drink,drink
house,house
car,car
tree,tree
flwoer,flower
aimal,animal
city,city
coutry,country
ocen,ocean
river,river
moufntain,mountain
sky,sky
sun,sun
omon,moon
star,star
coloud,cloud
ravn,rain
snoe,snow
iwnd,wind
stor,storm
weathen,weather
nsesaon,season
springg,spring
summet,summer
aftumn,autumn
winter,winter
das,day
night,night
mornwng,morning
afternoo,afternoon
eveging,evening
eek,week
moynth,month
eap,year
time,time
hour,hour
minuie,minute
second,second
baskebtall,basketball
soccet,soccer
tennis,tennis
bafeball,baseball
gofl,golf
swimming,swimming
runnig,running
cyclig,cycling
hiiny,hiking
syiixg,skiing
snowboardign,snowboarding
sfikg,surfing
skateboarding,skateboarding
ysga,yoga
meditaitno,meditation
execise,exercise
finess,fitness
helatn,health
wellness,wellness
nuarition,nutrition
det,diet
viadmni,vitamin
imneral,mineral
protein,protein
carbohydrate,carbohydrate
ft,fat
calorie,calorie
wiefht,weight
height,height
age,age
gender,gender
fwmily,family
friend,friend
reltaionshpi,relationship
love,love
happiness,happiness
sadenss,sadness
agner,anger
fera,fear
surprise,surprise
dizsgst,disgust
joy,joy
tust,trust
gantciptaion,anticipation
sadness,sadness
ngar,anger
fear,fear
surpriae,surprise
disgsut,disgust
jmy,joy
trsut,trust
oxcitemetn,excitement
boredmo,boredom
churiosity,curiosity
creativty,creativity
imaginekion,imagination
innovatiomn,innovation
tecfhnology,technology
science,science
engniebring,engineering
mwathgeratics,mathematics
chysics,physics
cphemistry,chemistry
biology,biology
astrynomy,astronomy
geologe,geology
oceanography,oceanography
meteoroogy,meteorology
psychologe,psychology
sociology,sociology
phikloohy,philosophy
history,history
art,art
umsic,music
eliterature,literature
tiilm,film
qtheater,theater
dance,dance
phovtography,photography
paintig,painting
scuptture,sculpture
architvctuzre,architecture
design,design
favhsion,fashion
traxvel,travel
adevnture,adventure
exloratio,exploration
discoverp,discovery
innovation,innovation
cratviity,creativity
imaginaion,imagination
inpsirmtino,inspiration
motivation,motivation
psufccess,success
kailure,failure
cahiyvement,achievement
goatl,goal
dredam,dream
ambiiton,ambition
passion,passion
dication,dedication
pervreacn,perseverance
resiilence,resilience
dieterimnatzion,determination
coucrage,courage
confidencoe,confidence
sblf-isteem,self-esteem
self-ortoh,self-worth
slef-love,self-love
slf-care,self-care
esl-fimprovement,self-improvement
self-develpoment,self-development
awareness,awareness
miqndfulenss,mindfulness
gratitude,gratitude
compasibn,compassion
empathy,empathy
knidenss,kindness
xgenerosiy,generosity
altrusm,altruism
charwty,charity
fvlunteering,volunteering
commugity,community
scoiety,society
culture,culture
dkversoity,diversity
inclukiogn,inclusion
qeuality,equality
jhstice,justice
freeodom,freedom
dwocacy,democracy
humayity,humanity
rpeace,peace
wr,war
confifct,conflict
iolence,violence
terrorsim,terrorism
rbfeugee,refugee
imigaktion,immigration
emjgratio,emigration
popuation,population
demggreihcs,demographics
economy,economy
finance,finance
kusines,business
mrketing,marketing
advekritsinng,advertising
ales,sales
ucsomer,customer
clent,client
consubmer,consumer
produuct,product
servise,service
innovgbijn,innovation
teechnology,technology
software,software
hardware,hardware
internte,internet
social,social
meaia,media
colmbncation,communication
clanguage,language
translation,translation
inrerprsetation,interpretation
education,education
kearninf,learning
taghing,teaching
knwldege,knowledge
wjisdom,wisdom
ixteligence,intelligence
creavtiy,creativity
iagination,imagination
itnnoation,innovation
Portage,Portage
Pkonere,Pioneer
Dizsconvey,Discovery
Exlporkper,Explorer
Advenqturer,Adventurer
Traillblazer,Trailblazer
Voyagwr,Voyager
Nkaewigasor,Navigator
ptahfinvder,Pathfinder
Sekrr,Seeker
Wandxerer,Wanderer
Rovher,Rover
Nomad,Nomad
Globutrottre,Globetrotter
Jesteqter,Jetsetter
Bfckapcker,Backpacker
Hiker,Hiker
Cliaber,Climber
Mounytaiteer,Mountaineer
Spier,Skier
Snowboarjder,Snowboarder
Susfer,Surfer
Swimmmtr,Swimmer
Runner,Runner
Cyclit,Cyclist
Ajhlete,Athlete
Champion,Champion
Winner,Winner
loser,Loser
Hero,Hero
ciwlain,Villain
Protagmonbiso,Protagonist
nAtatgonist,Antagonist
Laeder,Leader
Follower,Follower
Bos,Boss
Employee,Employee
Manager,Manager
Worker,Worker
Entrepreneyur,Entrepreneur
Investor,Investor
Innvoatohr,Innovator
Creator,Creator
Invnetor,Inventor
Scientist,Scientist
nEgirneet,Engineer
Doctor,Doctor
Nurse,Nurse
Tetacher,Teacher
Student,Student
Researcher,Researcher
Scholar,Scholar
Phlosohper,Philosopher
Artist,Artist
Musicain,Musician
Writer,Writer
Poet,Poet
hActor,Actor
Director,Director
roudcer,Producer
Dkisgner,Designer
Arcrhitec,Architect
Chkef,Chef
Baker,Baker
Farmez,Farmer
Gradener,Gardener
Fsiheran,Fisherman
Hunter,Hunter
Gathherare,Gatherer
Wariror,Warrior
Soder,Soldier
Sailor,Sailor
Pilot,Pilot
Astoncaut,Astronaut
Cosmonpat,Cosmonaut
Explorer,Explorer
Adeeturer,Adventurer
Trailblazer,Trailblazer
Voyager,Voyager
Nivgator,Navigator
Teacher,Teacher
Student,Student
Rysoarcher,Researcher
Schoalr,Scholar
Phiolsopher,Philosopher
Artist,Artist
Muscina,Musician
Witer,Writer
Poet,Poet
qActor,Actor
Director,Director
Pmroudcer,Producer
Desiger,Designer
Architect,Architect
Chef,Chef
rxgd,red
wlue,blue
gren,green
yellw,yellow
rowange,orange
purpel,purple
pink,pink
brown,brown
bllakc,black
white,white
gray,gray
sivler,silver
gold,gold
baronze,bronze
driamond,diamond
six,six
seven,seven
eight,eight
nine,nine
tqen,ten
eleven,eleven
twnlve,twelve
thirteen,thirteen
fourteen,fourteen
fifteen,fifteen
slxteen,sixteen
sevneteen,seventeen
eighteen,eighteen
nineteen,nineteen
itwenty,twenty
thirs,thirty
aorty,forty
fifyt,fifty
Plow,Plow
Sow,Sow
Harvest,Harvest
Reap,Reap
Cultivate,Cultivate
Tend,Tend
fWbater,Water
iaertilize,Fertilize
rwune,Prune
mieed,Weed
Mulch,Mulch
Comost,Compost
rrricgate,Irrigate
Crop,Crop
Field,Field
Farjm,Farm
Barn,Barn
racptor,Tractor
lough,Plough
Swo,Sow
Harvest,Harvest
fRepa,Reap
Cullivate,Cultivate
Tend,Tend
Aliens,Aliens
UO,UFO
xtraterretsrial,Extraterrestrial
Spacz,Space
Universe,Universe
aGlaxy,Galaxy
Star,Star
Plnaet,Planet
Meon,Moon
Astroild,Asteroid
Cfomte,Comet
Metecr,Meteor
lBac Hrle,Black Hole
Nebula,Nebula
Sueprnova,Supernova
Cosmos,Cosmos
Astronomy,Astronomy
Astrophysics,Astrophysics
Cosmoloy,Cosmology
iRockuz,Rocket
Satellvite,Satellite
opceraft,Spacecraft
Atrontut,Astronaut
Cowmxonaut,Cosmonaut
Exploer,Explorer
Advenurer,Adventurer
Tqrailblazer,Trailblazer
Voyager,Voyager
Navigtaor,Navigator
Teachekr,Teacher
Student,Student
eRskarcher,Researcher
Aoministrator,Administrator
Scholur,Scholar
uanager,Manager
chilkosppher,Philosopher
Athlete,Athlete
trees,trees
fvowwers,flowers
arimals,animals
tcities,cities
cmuntries,countries
ocean,oceans
rivers,rivers
zountains,mountains
skies,skies
luns,suns
moons,moons
stars,stars
cloqudws,clouds
mkoje,smoke
rain,rain
snow,snow
wind,wind
storm,storm
weather,weather
sseasnos,seasons
days,days
nights,nights
mornings,mornings
afternoons,afternoons
eveninus,evenings
weeks,weeks
mnthws,months
years,years
timcs,times
hours,hours
minutes,minutes
sceondts,seconds
basketblasl,basketballs
oscers,soccers
hello,hello
world,world
pthon,python
prgramming,programming
data,data
science,science
machine,machine
learnig,learning
ratificicl,artificial
intleligenec,intelligence
nural,neural
neawrk,network
deep,deep
mgodel,model
traiinnn,training
dataset,dataset
cornruption,corruption
examrla,example
generation,generation
random,random
funtino,function
prmobbaioity,probability
peratio,operation
dpete,delete
insert,insert
substitute,substitute
transpose,transpose
corrupetzd,corrupted
orginal,original
ctsrrption,corruption
foo,food
crink,drink
heousm,house
gar,car
tere,tree
flower,flower
animal,animal
icty,city
cocuntry,country
ocean,ocean
irvecr,river
goulntain,mountain
sky,sky
sun,sun
moon,moon
estaor,star
sloud,cloud
rain,rain
snow,snow
wabind,wind
sotram,storm
weather,weather
rseaqon,season
sprign,spring
summer,summer
uauaumn,autumn
ointer,winter
a,day
night,night
morning,morning
afternokn,afternoon
hveninx,evening
wek,week
month,month
yyar,year
time,time
hour,hour
miute,minute
soecond,second
qgaskettall,basketball
soccer,soccer
tennis,tennis
wasbeall,baseball
golf,golf
spimming,swimming
runicg,running
kcyclinyg,cycling
hikin,hiking
skiing,skiing
snowbfoardign,snowboarding
surfino,surfing
skateboarzing,skateboarding
yoga,yoga
meditaion,meditation
etercbsq,exercise
fitness,fitness
ehalth,health
wellnss,wellness
nutrition,nutrition
dit,diet
vitamn,vitamin
hmineral,mineral
porten,protein
earbohydrate,carbohydrate
fat,fat
aclorie,calorie
yeight,weight
height,height
age,age
gender,gender
family,family
firthend,friend
erlationshtp,relationship
love,love
hxappiess,happiness
sadness,sadness
anger,anger
fear,fear
usrpirse,surprise
drsgust,disgust
jomy,joy
tdruft,trust
antiicpatino,anticipation
sadness,sadness
ageb,anger
fera,fear
survrise,surprise
disust,disgust
joy,joy
truot,trust
exciqement,excitement
bgrfdom,boredom
curiocsqity,curiosity
creativity,creativity
imaianiton,imagination
inhovation,innovation
technkolog,technology
saienec,science
engtneeirng,engineering
mtahqmatio,mathematics
pshysicq,physics
chemistry,chemistry
piology,biology
atsrnoomy,astronomy
geowogy,geology
oceangorapy,oceanography
fmeteorology,meteorology
psychloogy,psychology
socioloby,sociology
philosophy,philosophy
history,history
art,art
music,music
literature,literature
film,film
theater,theater
dance,dance
phtograephy,photography
painting,painting
csulpture,sculpture
aryhitecture,architecture
deisgz,design
fahion,fashion
tovavel,travel
advtntrue,adventure
xeplorabiton,exploration
idkcovey,discovery
innovatioan,innovation
creativity,creativity
imaginatino,imagination
insiation,inspiration
motivation,motivation
success,success
failuyre,failure
ahcievement,achievement
gola,goal
drea,dream
ambieion,ambition
pfssion,passion
dedicatiou,dedication
perseverance,perseverance
resilince,resilience
dteremination,determination
courage,courage
confidecne,confidence
self-estem,self-esteem
selfkwore,self-worth
lf-love,self-love
self-fare,self-care
sel-oimprovseinet,self-improvement
sejlf-devtelopment,self-development
awareess,awareness
mindnfulnebss,mindfulness
tratitude,gratitude
compaissoin,compassion
eampatyh,empathy
kiwdness,kindness
genrejosit,generosity
abtruism,altruism
charity,charity
voluntering,volunteering
comumnity,community
socizty,society
cultur,culture
dversity,diversity
inclusihnn,inclusion
equality,equality
jsuntce,justice
fredom,freedom
demoracy,democracy
humanity,humanity
peace,peace
awr,war
conflict,conflict
vinlewec,violence
teyrrorism,terrorism
refugee,refugee
immigration,immigration
emigration,emigration
popaulation,population
demorphics,demographics
economy,economy
fionce,finance
business,business
marketing,marketing
advevrtisig,advertising
sales,sales
cotmre,customer
clietn,client
cynsumer,consumer
produtc,product
pservice,service
inudovation,innovation
echonlogy,technology
software,software
hamwdare,hardware
internet,internet
social,social
media,media
cxhmuicatziotn,communication
lankguzge,language
transation,translation
interpretation,interpretation
educatioqn,education
ceirning,learning
teaching,teaching
knowledgbe,knowledge
wisodm,wisdom
inqtelligence,intelligence
creativity,creativity
impwgination,imagination
innnonation,innovation
Portage,Portage
Pioneer,Pioneer
Discomery,Discovery
Explorer,Explorer
Aiventuerr,Adventurer
Traiblalzer,Trailblazer
Voyagcre,Voyager
Naigator,Navigator
Pathtifnder,Pathfinder
Seeker,Seeker
naindeprer,Wanderer
Rover,Rover
Nomoad,Nomad
llbetrotter,Globetrotter
Jetsetter,Jetsetter
aBckypacker,Backpacker
Hiker,Hiker
Clmber,Climber
Muontainecr,Mountaineer
Sakpiqer,Skier
Sonwboarder,Snowboarder
Surfer,Surfer
Swimmer,Swimmer
Runner,Runner
ocilts,Cyclist
Ahtflete,Athlete
Champion,Champion
sqinnre,Winner
Losre,Loser
Hero,Hero
Vilblani,Villain
zrotagnoist,Protagonist
Antagonist,Antagonist
Leader,Leader
Follower,Follower
Bqss,Boss
jEmployee,Employee
Mnage,Manager
Workr,Worker
Entreperenur,Entrepreneur
Inevsotr,Investor
Innovauor,Innovator
Creator,Creator
Invetr,Inventor
Scyqentist,Scientist
Engineer,Engineer
Doctor,Doctor
Nursle,Nurse
Teacher,Teacher
Studnt,Student
Researcher,Researcher
Scholsr,Scholar
Philasopher,Philosopher
ktist,Artist
Musician,Musician
Wirter,Writer
Poet,Poet
Actor,Actor
Drietcr,Director
Producer,Producer
Designer,Designer
Archiotecw,Architect
Cwsef,Chef
Baker,Baker
Farmer,Farmer
Grdener,Gardener
Fishermn,Fisherman
Hunteer,Hunter
Gathetkr,Gatherer
Warrizr,Warrior
Soldier,Soldier
Salor,Sailor
Pielp,Pilot
Atsronaut,Astronaut
Cosoniaut,Cosmonaut
Eeporer,Explorer
Advecturer,Adventurer
Trailblazer,Trailblazer
Voyager,Voyager
Naskgtr,Navigator
Teacher,Teacher
Stujent,Student
Resaercher,Researcher
Scholar,Scholar
Philosopher,Philosopher
Atrist,Artist
sician,Musician
Waiter,Writer
Peoht,Poet
Actgr,Actor
Dirjectr,Director
Produqer,Producer
Designer,Designer
Avrchptect,Architect
Chef,Chef
red,red
buqe,blue
creen,green
yellow,yellow
erange,orange
purlpe,purple
pink,pink
erown,brown
clock,black
zhwite,white
gray,gray
silver,silver
gwld,gold
bronzb,bronze
diamqnd,diamond
sjpx,six
sryveen,seven
eight,eight
nine,nine
ten,ten
elbveo,eleven
tewlve,twelve
thirygeqn,thirteen
focrteen,fourteen
fifteen,fifteen
sixtezn,sixteen
seventeen,seventeen
eighteem,eighteen
nietee,nineteen
twenty,twenty
tdirty,thirty
forfy,forty
fifry,fifty
Plow,Plow
Sow,Sow
Harvest,Harvest
Reap,Reap
Cultbivafte,Cultivate
Tend,Tend
Wayer,Water
Fertilize,Fertilize
Prune,Prune
Wsde,Weed
Mulch,Mulch
Compost,Compost
Irrigate,Irrigate
Crop,Crop
Field,Field
Faxm,Farm
Bzarn,Barn
Tracotr,Tractor
Proulgh,Plough
Sow,Sow
Hrvust,Harvest
Rap,Reap
Cultivte,Cultivate
Tend,Tend
Aliwne,Aliens
UO,UFO
Ezxtraterrestrial,Extraterrestrial
Samce,Space
Univerx,Universe
Galxay,Galaxy
Star,Star
lPaneet,Planet
Moon,Moon
Astiriod,Asteroid
Comet,Comet
eMteo,Meteor
BlckatHole,Black Hole
Nebula,Nebula
Spuernova,Supernova
Cosmo,Cosmos
Astrnogy,Astronomy
Asrtwropfshysicf,Astrophysics
xCosmology,Cosmology
Rocket,Rocket
Satlelite,Satellite
Spacecraft,Spacecraft
pAstaronaut,Astronaut
iosmonaut,Cosmonaut
Explorer,Explorer
Adventurrr,Adventurer
Trailblze,Trailblazer
Voyager,Voyager
Naipator,Navigator
Teacher,Teacher
Student,Student
Reseacher,Researcher
Administrtaor,Administrator
Schjlakr,Scholar
Manager,Manager
Pjhilosohrer,Philosopher
Athlexe,Athlete
trees,trees
flowers,flowers
animals,animals
bities,cities
ocuntries,countries
coaens,oceans
jivers,rivers
montains,mountains
sgkies,skies
sgns,suns
moons,moons
stakrs,stars
clouqds,clouds
smoke,smoke
geain,rain
naow,snow
ewinbd,wind
shtrm,storm
wxther,weather
seaons,seasons
days,days
nightw,nights
imornings,mornings
afternooos,afternoons
eveniings,evenings
weeks,weeks
months,months
yeas,years
kimes,times
hours,hours
minutes,minutes
seconds,seconds
basketballs,basketballs
soccerhs,soccers
heslo,hello
wrold,world
pcython,python
trogramming,programming
data,data
scoience,science
machine,machine
learninug,learning
arjtifiical,artificial
kintemquligenec,intelligence
nerula,neural
network,network
deep,deep
del,model
trining,training
datset,dataset
corruption,corruption
exoample,example
enrejztion,generation
rando,random
fuctoin,function
probability,probability
opepatino,operation
dlete,delete
insert,insert
subsittute,substitute
trnaspose,transpose
corrupted,corrupted
origibn,original
corrption,corruption
food,food
rdipnk,drink
huose,house
cae,car
tee,tree
flowre,flower
animal,animal
city,city
couitsy,country
ocean,ocean
rvir,river
mountain,mountain
sky,sky
sun,sun
moon,moon
star,star
cloud,cloud
rain,rain
snkw,snow
xinb,wind
sorm,storm
weather,weather
svkspn,season
srin,spring
summer,summer
autumn,autumn
binter,winter
day,day
nigat,night
morjing,morning
afernoon,afternoon
evening,evening
wek,week
monhoth,month
year,year
time,time
khounr,hour
mdinuye,minute
sceocnd,second
bgasketxall,basketball
soccer,soccer
tenni,tennis
baseball,baseball
golf,golf
swimming,swimming
running,running
cycvlng,cycling
hixfng,hiking
skiing,skiing
rsnobwarding,snowboarding
usrfing,surfing
kstaeboarding,skateboarding
yqga,yoga
mdtation,meditation
exercise,exercise
fitness,fitness
helbh,health
wellness,wellness
nuotition,nutrition
iieu,diet
vitamien,vitamin
mcinaeral,mineral
porten,protein
carbohdrat,carbohydrate
fat,fat
calroie,calorie
weight,weight
height,height
age,age
knder,gender
fmaliy,family
friedd,friend
ielationsihp,relationship
onv,love
ahppinesds,happiness
sadness,sadness
anggey,anger
fear,fear
surptrse,surprise
disgust,disgust
joy,joy
trust,trust
anticipaution,anticipation
sadess,sadness
anger,anger
fear,fear
gurprise,surprise
dsiugst,disgust
joy,joy
trust,trust
exicetment,excitement
boredom,boredom
curiosiyt,curiosity
caetivlty,creativity
iiaginaaion,imagination
innovatin,innovation
technology,technology
sricence,science
engineecing,engineering
athematics,mathematics
physics,physics
hemisdry,chemistry
biolog,biology
astrsonomy,astronomy
geulogy,geology
oceanograpyh,oceanography
metceorology,meteorology
pmseychology,psychology
sociology,sociology
philoosphy,philosophy
history,history
arot,art
music,music
litreaure,literature
flim,film
theater,theater
dasce,dance
hphotograpny,photography
pintiug,painting
scupature,sculpture
architceture,architecture
design,design
fashion,fashion
travel,travel
advneture,adventure
expolration,exploration
discovery,discovery
innvoation,innovation
crenativity,creativity
imaginatino,imagination
tinspiration,inspiration
mrtirtion,motivation
sucgsss,success
failure,failure
achievement,achievement
gol,goal
dream,dream
mabition,ambition
passion,passion
dedickatiocn,dedication
perseverance,perseverance
resiilence,resilience
deetvmiantion,determination
courage,courage
confidence,confidence
self-seteejm,self-esteem
elf-worth,self-worth
self-love,self-love
slef-car,self-care
selfimprowemnet,self-improvement
slf-edvelopmetn,self-development
awareness,awareness
mirndfulnwss,mindfulness
gratritued,gratitude
compassion,compassion
empathi,empathy
kindnens,kindness
gexeosity,generosity
altrudsm,altruism
chfrwtkt,charity
voultneering,volunteering
commuity,community
socwiety,society
culture,culture
divzrjiay,diversity
icnulsion,inclusion
eqauleity,equality
justice,justice
freedcol,freedom
democracd,democracy
humanity,humanity
eae,peace
war,war
conflict,conflict
vpolenec,violence
terrorism,terrorism
refugee,refugee
immigraion,immigration
emigraktion,emigration
population,population
demhggarphics,demographics
eoconmy,economy
finanxce,finance
bsfiness,business
marketing,marketing
daevmotisign,advertising
salse,sales
customer,customer
client,client
consujer,consumer
produc,product
searvice,service
innovtairn,innovation
techonlogy,technology
software,software
hardwaar,hardware
iexteqcrnket,internet
isocial,social
media,media
ccommunicatqin,communication
langugae,language
trnslatino,translation
intenpretaion,interpretation
educaiton,education
earning,learning
teacyhing,teaching
knowledge,knowledge
wsiudom,wisdom
intbelliegnce,intelligence
cdwativity,creativity
tiaqginaviuon,imagination
nnovatiodn,innovation
Portage,Portage
Pioneer,Pioneer
Discvery,Discovery
Expolrer,Explorer
Avdenturer,Adventurer
Traliblaxzen,Trailblazer
Voyagehr,Voyager
Navgiatr,Navigator
Pathfinder,Pathfinder
Seeker,Seeker
Waderer,Wanderer
Rover,Rover
Nmoad,Nomad
Golbettoter,Globetrotter
fesetter,Jetsetter
Backpacker,Backpacker
Hikr,Hiker
Climebr,Climber
Mluongaineer,Mountaineer
Skier,Skier
wSnowboardgr,Snowboarder
Supfre,Surfer
pwSimmer,Swimmer
zRunnfr,Runner
Cycsist,Cyclist
Athlete,Athlete
Chamipno,Champion
Winner,Winner
Loser,Loser
Hero,Hero
Vrillqian,Villain
rotagoinst,Protagonist
Anjagonist,Antagonist
eLader,Leader
Followegr,Follower
Boss,Boss
Elployee,Employee
Maunager,Manager
Worer,Worker
Entrepreneur,Entrepreneur
Inevestor,Investor
Innogator,Innovator
Crefaor,Creator
znventod,Inventor
Scientixt,Scientist
Engineer,Engineer
Doctor,Doctor
vNusre,Nurse
Teacehvr,Teacher
Student,Student
Reseascehr,Researcher
zScholmar,Scholar
Pphieosopher,Philosopher
Aritst,Artist
Musiciqn,Musician
Witer,Writer
Poet,Poet
Ator,Actor
Dietor,Director
Producer,Producer
Designer,Designer
Architect,Architect
Chef,Chef
zcker,Baker
armer,Farmer
osrdener,Gardener
Fiksheman,Fisherman
qunter,Hunter
yctehrer,Gatherer
Warxrior,Warrior
uSoldier,Soldier
Saielor,Sailor
Pblaot,Pilot
Astronat,Astronaut
Ctosmonaut,Cosmonaut
Exlporer,Explorer
uApventurer,Adventurer
Trailblazer,Trailblazer
mVoyager,Voyager
Navigator,Navigator
Taecher,Teacher
Student,Student
Researcher,Researcher
Scholar,Scholar
Philosophr,Philosopher
Artzst,Artist
Musciina,Musician
Wrtig,Writer
poPezt,Poet
Actor,Actor
irector,Director
Producer,Producer
Desigenr,Designer
Architject,Architect
qhfe,Chef
red,red
mllue,blue
green,green
yellow,yellow
roanfg,orange
pqurle,purple
pink,pink
own,brown
black,black
twhtie,white
gray,gray
silver,silver
gold,gold
bronez,bronze
diamwond,diamond
isx,six
sevzen,seven
eight,eight
ninne,nine
ten,ten
leeven,eleven
telve,twelve
thitreen,thirteen
fourtoen,fourteen
bfifteze,fifteen
sixten,sixteen
sfenteekn,seventeen
egihten,eighteen
nineeten,nineteen
twenty,twenty
hrity,thirty
forty,forty
fift,fifty
Plow,Plow
Sow,Sow
Harzvest,Harvest
Reap,Reap
Cultivzt,Cultivate
Tend,Tend
Wktaeo,Water
Fertilize,Fertilize
Prune,Prune
leed,Weed
Mlch,Mulch
ompsot,Compost
Iarigte,Irrigate
Crop,Crop
Frield,Field
Fasm,Farm
Barn,Barn
Trator,Tractor
alough,Plough
Sow,Sow
Harvest,Harvest
Reap,Reap
Cultiavt,Cultivate
oTed,Tend
Alins,Aliens
UFO,UFO
Extrterestrial,Extraterrestrial
Siae,Space
nUiverse,Universe
Galaxy,Galaxy
Star,Star
jnlanet,Planet
Mono,Moon
Astreioid,Asteroid
qomet,Comet
Metoer,Meteor
Black Hole,Black Hole
Nebuna,Nebula
Supenova,Supernova
josmoa,Cosmos
Asronomy,Astronomy
Astroprysics,Astrophysics
Cosmloogy,Cosmology
Rocket,Rocket
Staelite,Satellite
Sapcecratf,Spacecraft
Astronaut,Astronaut
Cosmoniut,Cosmonaut
Explorer,Explorer
Adventuver,Adventurer
Trailblqazer,Trailblazer
oVyhger,Voyager
Navigatcfor,Navigator
Taecher,Teacher
Stdent,Student
Researychextr,Researcher
kdministrator,Administrator
Schlonac,Scholar
angef,Manager
Philopher,Philosopher
Atlete,Athlete
trees,trees
flowers,flowers
ainmals,animals
citices,cities
conthires,countries
oceeands,oceans
rfivero,rivers
mduntains,mountains
skies,skies
suns,suns
moons,moons
sptrs,stars
clouds,clouds
smoke,smoke
rlin,rain
nsow,snow
wind,wind
storm,storm
eather,weather
spxosns,seasons
damys,days
nigus,nights
mornoinsg,mornings
aftrenoobns,afternoons
evenings,evenings
weeks,weeks
mqonths,months
years,years
tmes,times
hours,hours
minmtes,minutes
escmxds,seconds
baskethalls,basketballs
socpers,soccers
